Name,Age
Emma Thompson, 64 years
Liam Anderson, 78 years
Olivia Wilson, 56 years
Noah Roberts, 89 years
Ava Johnson, 75 years
William Martinez, 67 years
Isabella Taylor, 91 years
James Brown, 72 years
Sophia Davis, 84 years
Benjamin Moore, 58 years
Mia Clark, 62 years
Oliver Harris, 79 years
Charlotte Lewis, 70 years
Elijah Turner, 86 years
Harper Walker, 52 years
Henry Young, 71 years
Amelia King, 65 years
Michael Hill, 88 years
Evelyn Scott, 81 years
Daniel Green, 69 years
Ava Adams, 76 years
Alexander Baker, 83 years
Sophia Cook, 68 years
Logan Garcia, 87 years
Isabella Mitchell, 51 years
Lucas Nelson, 92 years
Mia Perez, 61 years
Jack Robinson, 95 years
Grace Roberts, 74 years
Samuel Clark, 57 years
Harper Young, 73 years
David Turner, 99 years
Penelope White, 66 years
Benjamin Wright, 55 years
Abigail Thompson, 63 years
Daniel Rodriguez, 53 years
Emily King, 59 years
Alexander Lewis, 77 years
Charlotte Collins, 97 years
James Smith, 80 years
Olivia Davis, 54 years
Logan Moore, 98 years
Mia Wilson, 64 years
Elijah Johnson, 93 years
Ava Adams, 60 years
Emma Martinez, 82 years
Noah Roberts, 50 years
Isabella Brown, 76 years
Lucas Hill, 66 years
Sophia White, 71 years
William Baker, 58 years
Olivia Martinez, 94 years
Benjamin Clark, 85 years
Amelia Turner, 72 years
Liam Nelson, 87 years
Evelyn Walker, 95 years
Henry Perez, 66 years
Harper Smith, 94 years
Daniel Collins, 82 years
Mia Harris, 58 years
Samuel Adams, 91 years
Emily Johnson, 67 years
Noah Wright, 88 years
Charlotte Hill, 72 years
Alexander Young, 90 years
Isabella Rodriguez, 64 years
David Thompson, 77 years
Grace Nelson, 76 years
Oliver Taylor, 75 years
Sophia Lewis, 92 years
Michael Baker, 81 years
Ava Collins, 74 years
Emily Turner, 62 years
Benjamin Robinson, 78 years
Amelia Adams, 83 years
William Walker, 68 years
Olivia Mitchell, 54 years
Harper Wright, 96 years
James Roberts, 84 years
Mia Davis, 59 years
Noah Clark, 86 years
Alexander Nelson, 82 years
Charlotte Thompson, 91 years
Isabella Perez, 75 years
David Robinson, 97 years
Sophia Young, 93 years
Henry Turner, 75 years
Emily King, 61 years
William Hill, 89 years
Ava Green, 62 years
Benjamin Adams, 56 years
Olivia Johnson, 64 years
Elijah White, 80 years
Amelia Walker, 59 years
Logan Baker, 70 years
Mia Lewis, 55 years
Lucas Moore, 78 years
Charlotte Harris, 63 years
Alexander Smith, 68 years
Sophia Martinez, 81 years
Oliver Clark, 92 years
Isabella Wright, 58 years
Harper Taylor, 76 years
Noah Davis, 93 years
Grace Robinson, 76 years
Henry Turner, 69 years
Amelia Collins, 89 years
William Adams, 75 years
Ava Roberts, 78 years
James Lewis, 94 years
Mia Thompson, 66 years
Liam Walker, 80 years
Charlotte King, 71 years
Oliver Martinez, 87 years
Emily Hill, 53 years
Noah Young, 89 years
Isabella Turner, 64 years
Alexander Nelson, 86 years
Sophia Perez, 69 years
William Moore, 74 years
Mia Taylor, 62 years
Elijah Baker, 81 years
Olivia Adams, 76 years
Benjamin Collins, 87 years
Ava White, 75 years
Lucas Roberts, 67 years
Emily Walker, 94 years
Alexander Harris, 83 years
Grace Clark, 80 years
Henry Smith, 64 years
Isabella Turner, 93 years
Noah Lewis, 75 years
Amelia Johnson, 87 years
Oliver Davis, 57 years
Charlotte Hill, 76 years
William Moore, 70 years
Ava Wilson, 75 years
Olivia Thompson, 73 years
Benjamin Nelson, 92 years
Emily Roberts, 68 years
Sophia Adams, 95 years
James Walker, 80 years
Mia Turner, 72 years
Alexander Perez, 91 years
Isabella Collins, 78 years
Liam Baker, 66 years
Charlotte Taylor, 61 years
Olivia Lewis, 89 years
Henry Johnson, 74 years
Amelia Wright, 95 years
Noah Clark, 70 years
Grace Young, 92 years
Oliver King, 79 years
Emily Adams, 98 years
Benjamin Roberts, 75 years
Ava Hill, 94 years
Sophia Moore, 83 years
William Nelson, 86 years
Mia Martinez, 66 years
Alexander Davis, 76 years
Charlotte Thompson, 79 years
Elijah Walker, 97 years
Olivia Collins, 71 years
Noah Taylor, 86 years
Isabella Wright, 88 years
Grace Robinson, 78 years
James Turner, 92 years
Emily Adams, 75 years
Benjamin Lewis, 70 years
Ava Johnson, 85 years
Sophia Harris, 64 years
Lucas Baker, 80 years
Mia Clark, 59 years
Henry Young, 79 years
Amelia King, 67 years
William Hill, 89 years
Olivia Davis, 73 years
Noah Roberts, 98 years
Isabella Brown, 73 years
James Smith, 92 years
Emily King, 80 years
Alexander Lewis, 76 years
Charlotte Collins, 91 years
Ava Adams, 57 years
Oliver Taylor, 79 years
Sophia Cook, 69 years
David Thompson, 83 years
Grace Nelson, 88 years
Michael Baker, 95 years
Olivia Martinez, 59 years
Logan Moore, 84 years
Mia Wilson, 62 years
Elijah Johnson, 85 years
Ava Adams, 76 years
Emma Martinez, 64 years
Noah Roberts, 97 years
Isabella Brown, 83 years
Lucas Hill, 68 years
Sophia White, 70 years
William Baker, 75 years
